related_tickers,publish_date,publish_time,title,publisher
AAPL,Nov-26-2023,11:30AM,Better Tech Stock: Alphabet vs. Apple,(Motley Fool)
AAPL,Nov-26-2023,09:58AM,Goldman Sachs Top 15 Stock Picks for 2024,(Insider Monkey)
AAPL,Nov-26-2023,08:00AM,"Swiss Central Bank Slashed AMC Stake, Sells Apple, Nvidia, and Tesla Stock",(Barrons.com)
AAPL,Nov-26-2023,07:30AM,"'We won't be able to uninvent it': Warren Buffett is 'worried' about AI technology, comparing it to the atom bomb  but he's still betting big on these 3 artificial intelligence stocks",(Moneywise)
AAPL,Nov-26-2023,07:24AM,20 Most Disabled-Friendly Countries in the World,(Insider Monkey)
AAPL,Nov-26-2023,04:15AM,AI Blowback Angst Grips ESG Fund Managers Who Bet Big on Tech,(Bloomberg)
AAPL,Nov-25-23,05:48AM,Warren Buffett-Led Berkshire Hathaway Sells Its Entire Procter & Gamble Stake. Should You?,(Motley Fool)
AAPL,Nov-25-23,05:00AM,2 Consumer Goods Stocks That Could Make You a Lot Richer Than Coca-Cola Will,(Motley Fool)
AAPL,Nov-24-23,09:00PM,iPhone Fixes to Make if Youre the Family IT Department This Year,(The Wall Street Journal)
AAPL,Nov-24-23,05:00PM,"1 Tech Stock That Has Created Many Millionaires, and Will Continue to Make More",(Motley Fool)
AAPL,Nov-24-23,02:15PM,"It's no longer about unit sales for Apple, it's about services, says Evercore ISI's Amit Daryanani",(CNBC TV)
AAPL,Nov-24-23,12:52PM,Apple Shares Fall on Softer Than Expected Singles Day Sales in China,(Investopedia)
AAPL,Nov-24-23,11:07AM,Kuxiu foldable magnetic wireless chargers review,(AppleInsider)
AAPL,Nov-24-23,10:30AM,"Taiwan Presidential Race Set; U.S.-China Chip War Nears Moment Of Truth For Nvidia, Apple And The World",(Investor's Business Daily)
AAPL,Nov-24-23,10:22AM,Apples China Demand Remains Firm Heading Into the Holidays. There Is No Growth Demise.,(Barrons.com)
AAPL,Nov-24-23,10:00AM,2 Top Warren Buffett Stocks to Buy Right Now,(Motley Fool)
AAPL,Nov-24-23,09:28AM,Apple (AAPL) Expands Streaming Content for Holiday Season,(Zacks)
AAPL,Nov-24-23,09:22AM,"OpenAI's fiasco, Tim Cook's future, and Vision Pro questions",(AppleInsider)
AAPL,Nov-24-23,09:05AM,Apple Stock: Headed to $240?,(Motley Fool)
AAPL,Nov-24-23,08:00AM,Apple Is Dangerously Close To Losing Its Spot As The Most Valuable Stock,(Investor's Business Daily)
AAPL,Nov-24-23,07:28AM,5 Things to Know Before Markets Open,(Investopedia)
AAPL,Nov-24-23,05:11AM,Warren Buffett Watch: 56% of Berkshire Hathaway's $318 Billion Portfolio Is Invested in Just 2 Stocks,(Motley Fool)
AAPL,Nov-24-23,05:06AM,71% of Warren Buffett's $357 Billion Portfolio Is Invested in Just 4 Stocks,(Motley Fool)
AAPL,Nov-24-23,03:33AM,Huawei and Xiaomi are paving the way for an Apple EV: Tim Culpan,(DigiTimes)
AAPL,Nov-24-23,02:33AM,"Nvidia, Apple fall premarket; Walmart, iRobot and Vista Outdoor rise",(Investing.com)
AAPL,Nov-24-23,01:00AM,Techs Rally Isnt Done. Why These 10 Stocks Are the Next to Gain.,(Barrons.com)
AAPL,Nov-24-23,01:00AM,Techs Rally Isnt Done. Smaller Stocks Are the Next to Gain.,(Barrons.com)
AAPL,Nov-23-23,08:57PM,"Analysts forecast declining sales for Apple products in India, excluding iPhone",(DigiTimes)
AAPL,Nov-23-23,08:18PM,"Southwest Airlines, Alaska make changes affecting passengers",(TheStreet.com)
AAPL,Nov-23-23,03:09PM,Major U.S. airlines make flying changes impacting passengers,(TheStreet.com)
AAPL,Nov-23-23,01:29PM,iPhone sales drop in China's annual Singles Day sales,(AppleInsider)
AAPL,Nov-23-23,01:29PM,Borrowing costs jump as traders unpick Hunt's Autumn Statement,(The Telegraph)
AAPL,Nov-23-23,09:41AM,"Apple's (AAPL) iPhone 15 Hit in South Korea, Lags in China",(Zacks)
AAPL,Nov-23-23,07:06AM,"UPDATE 1-Volume of Apple sales underperforms Huawei, Xiaomi on China's Singles Day - data",(Reuters)
AAPL,Nov-23-23,06:05AM,3 Things About Apple That Smart Investors Know,(Motley Fool)
AAPL,Nov-23-23,04:38AM,"Apple sold fewer smartphones on Singles Day, lagging Chinese rivals",(Reuters)
AAPL,Nov-23-23,04:34AM,"CORRECTED-Volume of Apple sales underperforms Huawei, Xiaomi on China's Singles Day - data",(Reuters)
AAPL,Nov-23-23,02:43AM,Microsofts chip move and Disneys India dilemma,(Financial Times)
AAPL,Nov-23-23,01:57AM,Q3 2023 ATRenew Inc Earnings Call,(Thomson Reuters StreetEvents)
AAPL,Nov-22-23,11:07PM,Former Meta and Microsoft XR expert joins Samsung to accelerate product R&D,(DigiTimes)
AAPL,Nov-22-23,07:46PM,Apple Stock (NASDAQ:AAPL): Can Siri Keep Up in the ChatGPT Age?,(TipRanks)
AAPL,Nov-22-23,02:02PM,ChatGPT: Everything you need to know about the AI-powered chatbot,(TechCrunch)
AAPL,Nov-22-23,01:47PM,Disney: Will Thanksgiving reverse box office slump? Can Iger 'strengthen' studio output?,(Yahoo Finance)
AAPL,Nov-22-23,12:34PM,"Apple's succession plan is completely different to OpenAI's, in that it actually has one",(Quartz)
AAPL,Nov-22-23,09:38AM,iPhone 15 breaks smartphone market's sales slump,(AppleInsider)
AAPL,Nov-22-23,08:23AM,Is Microsoft Stock a Buy?,(Motley Fool)
AAPL,Nov-22-23,07:44AM,"Lyford, Texas gains Apple Distinguished status for its schools",(AppleInsider)
AAPL,Nov-22-23,07:19AM,The State of the Mac (Above Avalon Report),(Above Avalon)
AAPL,Nov-22-23,06:00AM,Some Charts Are Like Comparing Apples and JPMorgans,(TheStreet.com)
AAPL,Nov-22-23,05:30AM,Incognito Mode Isnt Doing What You Think Its Doing,(The Wall Street Journal)
AAPL,Nov-21-23,09:50PM,"Apple (NASDAQ:AAPL): Boring, But Commands Massive Pricing Power",(TipRanks)
AAPL,Nov-21-23,05:32PM,Starbucks Labor Group Plans Board Fight,(The Wall Street Journal)
AAPL,Nov-21-23,05:32PM,Labor Group Plans Board Fight at Starbucks,(The Wall Street Journal)
AAPL,Nov-21-23,05:18PM,"Sonos Readies $400-Plus Headphones to Rival Apple and Bose, TV Set-Top Box",(Bloomberg)
AAPL,Nov-21-23,04:22PM,Apple CEO Tim Cook tells Dua Lipa how long he'll remain in the role,(Fox Business)
AAPL,Nov-21-23,02:43PM,Doubtful leak claims 14-inch iPad Pro with OLED due in 2024,(AppleInsider)
AAPL,Nov-21-23,02:23PM,12 Highest Paying Programming Languages in India,(Insider Monkey)
AAPL,Nov-21-23,02:10PM,Elon Musks X sues Media Matters over research on pro-Nazi content,(Yahoo Finance)
AAPL,Nov-21-23,01:58PM,A Jazz Critic Missed Out on a $6 Million Fortune By Selling His Apple Stock for About 1/700 of Its Value Today,(Entrepreneur: Stocks)
AAPL,Nov-21-23,01:55PM,Sam Altman's sudden firing mirrors Steve Jobs' 1985 Apple dismissal  except for one big difference,(TheStreet.com)
AAPL,Nov-21-23,12:51PM,How to use Plex on Mac to create your own personal streaming service,(AppleInsider)
AAPL,Nov-21-23,12:39PM,Apple's new 'Fuzzy Feelings' holiday ad was shot on iPhone,(AppleInsider)
AAPL,Nov-21-23,12:28PM,"MacBook Pro 14-inch M3 review: Price, performance, design",(AppleInsider)
AAPL,Nov-21-23,11:49AM,12 Countries With Best Incentives For Expats,(Insider Monkey)
AAPL,Nov-21-23,11:18AM,"Tim Cook lays out what he looks for in an Apple employeeand no, a college degree isnt necessary",(Fortune)
AAPL,Nov-21-23,11:08AM,Greenpeace slams Foxconn over inadequate carbon effort,(AppleInsider)
AAPL,Nov-21-23,11:08AM,Greenpeace slams Apple supplier Foxconn over inadequate carbon effort,(AppleInsider)
AAPL,Nov-21-23,09:52AM,House China cmte. chair Rep. Gallagher on Apple letter: We just want to understand what happened,(CNBC TV)
AAPL,Nov-21-23,08:18AM,Apple wants to make screens private and stop shoulder surfing,(AppleInsider)
AAPL,Nov-21-23,07:00AM,"Ignore Amazon, These 2 Stocks Will Be Long-Term Winners",(Motley Fool)
AAPL,Nov-21-23,06:33AM,Tim Cook reveals there are several people lined up to one day take on the top Apple job as he talks very detailed succession plan with Dua Lipa,(Fortune)
AAPL,Nov-21-23,06:30AM,I'm more optimistic than ever: Billionaire Larry Fink says investors should be 100% in equities right now if they can handle it. Here's where he's channeling that optimism,(Moneywise)
AAPL,Nov-21-23,06:15AM,The Next Tech Battlefield: Apple's Position in the Emerging AI Landscape,(InvestorPlace)
AAPL,Nov-21-23,06:13AM,"'Several people' could be the next Apple CEO, reveals Tim Cook",(AppleInsider)
AAPL,Nov-21-23,05:00AM,2 Growth Stocks to Buy Before the Big Bull Rally,(Motley Fool)
AAPL,Nov-21-23,03:24AM,"Big tech suppliers need to cut emissions faster, Greenpeace says",(DigiTimes)
AAPL,Nov-21-23,03:04AM,Apple Under Fire for Blocking Crypto Tech,(CoinMarketCap)
AAPL,Nov-20-23,10:30PM,How to share AirTag in iOS 17,(AppleInsider)
AAPL,Nov-20-23,09:30PM,Apple eyes increased iPhone production amid Improving labor conditions,(DigiTimes)
AAPL,Nov-20-23,09:01PM,"iPhone 16 Pro to get 120 mm camera says Kuo, again",(AppleInsider)
AAPL,Nov-20-23,08:01PM,CEO of Fortnite game maker casts Google as a 'crooked' bully in testimony during Android app trial,(Associated Press Finance)
AAPL,Nov-20-23,06:34PM,Epic Games Sweeney Takes Aim at Androids Fake Open Platform,(Bloomberg)
AAPL,Nov-20-23,05:42PM,"The OpenAI Saga, AI Shortcomings and Apple's Opportunity",(Above Avalon)
AAPL,Nov-20-23,05:12PM,CEO Linda Yaccarino commits to staying at X even after advertisers flee,(Yahoo Finance)
AAPL,Nov-20-23,04:59PM,Crypto zealots lead frivolous lawsuit against 'Apple led cartel',(AppleInsider)
AAPL,Nov-20-23,04:47PM,AI Mania Powered Stocks This Year. Can Nvidia Spark More Gains?,(The Wall Street Journal)
AAPL,Nov-20-23,03:55PM,Musk Strategy to Contain X Anti-Semitism Fallout Is to Go Thermonuclear,(Barrons.com)
AAPL,Nov-20-23,03:10PM,"Apple-Google relations were great, 2018 meeting notes reveal",(AppleInsider)
AAPL,Nov-20-23,01:26PM,10 Best Selling Smartphones in the World in 2023,(Insider Monkey)
AAPL,Nov-20-23,11:22AM,Apple relies heavily on AI/ML in iOS,(AppleInsider)
AAPL,Nov-20-23,10:52AM,Apple will make a big change to iPhone messages next year,(CNN Business)
AAPL,Nov-20-23,10:50AM,"Can Apple Vision Pro reinvent the computer, again?",(AppleInsider)
AAPL,Nov-20-23,09:22AM,2 'Magnificent Seven' Stocks Set to Join Apple and Microsoft in the $2 Trillion Club by 2030,(Motley Fool)
AAPL,Nov-20-23,08:30AM,Apple Had Better Watch Its Back in China,(The Wall Street Journal)
AAPL,Nov-20-23,08:10AM,"The Witcher, Witcher 2 gain Apple Silicon support",(AppleInsider)
AAPL,Nov-20-23,06:02AM,Beyond Market Price: Uncovering Apple Inc's Intrinsic Value,(GuruFocus.com)
AAPL,Nov-20-23,02:05AM,Canalys: US smartphone market recovered sequentially in 3Q23,(DigiTimes)
AAPL,Nov-19-23,07:05PM,How to view Apple Notes attachments in small view in iOS,(AppleInsider)
AAPL,Nov-19-23,02:30PM,12 Big Investment Trends in 2023,(Insider Monkey)
AAPL,Nov-19-23,11:30AM,Why Warren Buffett's portfolio moves signal 'caution' for investors,(Yahoo Finance)
AMZN,Nov-26-2023,12:22PM,Amazon tries to fix a major customer pain point,(TheStreet.com)
AMZN,Nov-26-2023,09:40AM,Warren Buffett and Corporate Insiders Love These Stocks,(Insider Monkey)
AMZN,Nov-26-2023,09:00AM,Jeff Bezos Just Sold $240 Million Worth of Amazon Stock and He's Planning to Sell More. Here's What Investors Need to Know,(Motley Fool)
AMZN,Nov-26-2023,07:30AM,"'We won't be able to uninvent it': Warren Buffett is 'worried' about AI technology, comparing it to the atom bomb  but he's still betting big on these 3 artificial intelligence stocks",(Moneywise)
AMZN,Nov-26-2023,06:30AM,3 Things You Shouldn't Do if the Stock Market Crashes,(Motley Fool)
AMZN,Nov-26-2023,06:00AM,The 7 Best Kids' Gifts to Buy at Costco,(Motley Fool)
AMZN,Nov-25-23,07:03PM,"Insider Sell Alert: Amazon.com Inc's David Zapolsky Cashes Out 25,160 Shares",(GuruFocus.com)
AMZN,Nov-25-23,02:12PM,Massive News for Amazon Stock Investors!,(Motley Fool)
AMZN,Nov-25-23,10:32AM,Kohl's (really) can fix Amazon's biggest retail problem,(TheStreet.com)
AMZN,Nov-25-23,09:30AM,5 Ways to Make Your Online Shopping Experience More Cost-Effective,(Motley Fool)
AMZN,Nov-25-23,09:00AM,S&P 500 Bear Market: Time to Buy These Market-Beating Growth Stocks,(Motley Fool)
AMZN,Nov-25-23,09:00AM,Kohl's and Amazon can solve each other's biggest problems,(TheStreet.com)
AMZN,Nov-25-23,07:01AM,Will Blue Origin Buy Boeing and Lockheed's Space Venture?,(Motley Fool)
AMZN,Nov-25-23,05:50AM,Investing in These 3 Stocks Now Could Make You a Millionaire Retiree,(Motley Fool)
AMZN,Nov-24-23,06:30PM,Walmart or Amazon? A Consumer Choice.,(Barrons.com)
AMZN,Nov-24-23,01:47PM,Amazon Prime Video to air first-ever Black Friday NFL game,(Yahoo Finance Video)
AMZN,Nov-24-23,01:36PM,"S&P 500 Gains and Losses Today: China Woes Drag Nvidia, Apple Shares",(Investopedia)
AMZN,Nov-24-23,01:23PM,Madness descends on Oxford Street as HMV store reopens,(The Telegraph)
AMZN,Nov-24-23,01:22PM,"Small Caps, IBD 50 Lead Abbreviated Stock Market Session; This Stock Soars 38%",(Investor's Business Daily)
AMZN,Nov-24-23,01:10PM,"Amazon's Black Friday Playbook Includes NFL Broadcast, More Discounts",(Investor's Business Daily)
AMZN,Nov-24-23,01:05PM,Let's Ask Bard: Is Google Stock A Buy Now?,(Investor's Business Daily)
AMZN,Nov-24-23,12:45PM,Heard on the Street: Amazon May Suck Up Roomba Maker After All,(The Wall Street Journal)
AMZN,Nov-24-23,12:34PM,"The Amazon-iRobot Deal Reportedly Set For An EU Nod, Roomba Makers Shares Soar",(Investopedia)
AMZN,Nov-24-23,12:17PM,Amazon's iRobot bid likely set for EU approval: Reuters,(Yahoo Finance Video)
AMZN,Nov-24-23,12:05PM,"Small Caps, IBD 50 Lead Ahead Of Early Stock Market Close; This Stock Soars 38%",(Investor's Business Daily)
AMZN,Nov-24-23,12:05PM,Amazon workers in Europe go on strike,(Yahoo Finance Video)
AMZN,Nov-24-23,12:00PM,Analysts Expect These Retail Stocks To Outperform This Holiday Season,(Benzinga)
AMZN,Nov-24-23,11:03AM,Roomba Maker iRobot Soars on Report Amazon Deal Will Win EU Clearance,(Bloomberg)
AMZN,Nov-24-23,11:00AM,5 Underrated Stores With Huge Holiday Deals,(Motley Fool)
AMZN,Nov-24-23,10:53AM,"Thanksgiving Tradition: Turkey, Pie, Amazon",(TheStreet.com)
AMZN,Nov-24-23,10:53AM,"Post-Thanksgiving Tradition: Turkey, Pie, Amazon",(TheStreet.com)
AMZN,Nov-24-23,10:35AM,Don't Miss These 6 Amazon Black Friday Finds,(Motley Fool)
AMZN,Nov-24-23,10:34AM,Amazon to debut first-ever NFL Black Friday game  another blow to traditional TV,(Yahoo Finance)
AMZN,Nov-24-23,10:29AM,"Small Caps Jump While Rest Of Stock Market Trades Quietly; Nvidia, Amazon Among Movers",(Investor's Business Daily)
AMZN,Nov-24-23,10:22AM,Amazons Black Friday Could Turn Into Largest Day of Strike Action Ever,(Barrons.com)
AMZN,Nov-24-23,10:06AM,"The basis of our sports investment is to make Prime more valuable, says Amazon's Jay Marine",(CNBC TV)
AMZN,Nov-24-23,09:45AM,3 Tech Stocks With More Potential Than Any Cryptocurrency,(Motley Fool)
AMZN,Nov-24-23,08:50AM,3 Reasons Why Pricey Amazon Stock Is Still a Must-Buy for Every Investor,(InvestorPlace)
AMZN,Nov-24-23,08:20AM,iRobot Stock Jumps on Report Amazon Deal Set to Win EU Approval,(Barrons.com)
AMZN,Nov-24-23,07:52AM,"Amazon Faces Black Friday Strikes in US, Europe",(The Wall Street Journal)
AMZN,Nov-24-23,07:41AM,Amazon Faces Largest Day of Strike Action Ever on Black Friday. The Stock Isnt Being Hit.,(Barrons.com)
AMZN,Nov-24-23,07:05AM,Better Buy: Amazon vs. Costco,(Motley Fool)
AMZN,Nov-24-23,06:19AM,A Bull Market Could Be Here: 2 Reasons to Buy Amazon Stock,(Motley Fool)
AMZN,Nov-24-23,06:09AM,3 Stocks That Could Make You Rich,(Motley Fool)
AMZN,Nov-24-23,06:00AM,AMZN Stock Forecast: Predicting Amazon's Performance in 2023 and Beyond,(InvestorPlace)
AMZN,Nov-24-23,05:51AM,"UPDATE 3-Amazon hit by strikes, protests across Europe during Black Friday trade",(Reuters)
AMZN,Nov-24-23,05:21AM,"2 Supercharged Growth Stocks Billionaire Investors Can't Stop Buying, and 1 They Can't Sell Fast Enough",(Motley Fool)
AMZN,Nov-24-23,03:57AM,Warren Buffett and Wall Street Analysts Love These Stocks: Top 5 Stocks,(Insider Monkey)
AMZN,Nov-23-23,11:55PM,U.S. futures inch mostly up ahead of shortened trading day - what's moving markets,(Investing.com)
AMZN,Nov-23-23,11:04PM,"Amazon hit by strikes, protests across Europe during Black Friday trade",(Reuters)
AMZN,Nov-23-23,11:00PM,"Amazon protests in Europe target warehouses, lockers on busy Black Friday",(Reuters)
AMZN,Nov-23-23,09:00PM,Can You Trust a Robot With Your Holiday Shopping?,(The Wall Street Journal)
AMZN,Nov-23-23,05:43PM,UPDATE 1-German union Verdi calls for strikes at Amazon on Black Friday,(Reuters)
AMZN,Nov-23-23,05:13PM,Can Amazon Stock (NASDAQ:AMZN) Reach Record Highs in 2024?,(TipRanks)
AMZN,Nov-23-23,12:36PM,Amazon and NFL hoping to establish a tradition with the first Black Friday game,(Associated Press Finance)
AMZN,Nov-23-23,11:28AM,German union Verdi calls for strikes at Amazon on Black Friday,(Reuters)
AMZN,Nov-23-23,11:18AM,Will Spanish Union's Worker Strike Hurt Amazon (AMZN)?,(Zacks)
AMZN,Nov-23-23,10:30AM,Forget Amazon: This E-Commerce Stock Has More Runway Ahead,(Motley Fool)
AMZN,Nov-23-23,09:21AM,Morning Brew: OpenAI's Q* Project Raises Concerns; Amazon Set for EU Nod on iRobot Deal,(GuruFocus.com)
AMZN,Nov-23-23,08:20AM,2 Stocks Riding Unstoppable Trends That Could Make You Richer in 2024 and Beyond,(Motley Fool)
AMZN,Nov-23-23,07:45AM,"Could Investing $10,000 In Shopify Stock Help Make You a Millionaire?",(Motley Fool)
AMZN,Nov-23-23,06:45AM,20 Most Oxygen Friendly Cities in the US,(Insider Monkey)
AMZN,Nov-23-23,06:45AM,"Forget Coca-Cola: 3 Better Warren Buffett Stocks to Buy, Instead",(Motley Fool)
AMZN,Nov-23-23,03:08AM,Microsoft Is Trading Near Its Record High. Its Still Undervalued.,(Barrons.com)
AMZN,Nov-22-23,04:31PM,Nvidia's AI Chip Glory Gets Dimmed By US Export Curbs,(Benzinga)
AMZN,Nov-22-23,04:31PM,OpenAI Rivals Move to Exploit Leadership Turmoil,(The Wall Street Journal)
AMZN,Nov-22-23,02:50PM,"In market share battle, FedEx and UPS target retail returns",(Reuters)
AMZN,Nov-22-23,02:24PM,"SpaceX tests Starship, and prepares to face down Amazon",(The Economist)
AMZN,Nov-22-23,01:49PM,Amazon Stock Popped This Morning and Is Still Up. Is It a Buy?,(Motley Fool)
AMZN,Nov-22-23,12:47PM,Warren Buffett and Jim Cramer Love These Stocks,(Insider Monkey)
AMZN,Nov-22-23,12:26PM,"Amazon (AMZN) AWS Picked by Yellow.ai, Boosts Clientele",(Zacks)
AMZN,Nov-22-23,11:42AM,Why Amazon Stock Bounced Back This Morning,(Motley Fool)
AMZN,Nov-22-23,11:01AM,Amazon Selling Cars Too? What You Need to Know,(Motley Fool)
AMZN,Nov-22-23,10:57AM,Gary Vaynerchuk: Amazon's Black Friday NFL game has the potential to change the marketing landscape,(CNBC TV)
AMZN,Nov-22-23,10:32AM,Philippe Laffont Stock Portfolio: 10 Top Stock Picks,(Insider Monkey)
AMZN,Nov-22-23,10:23AM,Amazon: Jeff Bezos could sell up to 10 million shares,(Yahoo Finance Video)
AMZN,Nov-22-23,10:00AM,Amazon Gives People Even More of a Reason to Sign Up for Prime: Affordable Healthcare,(Motley Fool)
AMZN,Nov-22-23,09:30AM,Wall Street Bulls Look Optimistic About Amazon (AMZN): Should You Buy?,(Zacks)
AMZN,Nov-22-23,08:40AM,3 Red Flags That Could Sink Amazon Stock,(Motley Fool)
AMZN,Nov-22-23,08:33AM,"Temu, Shein far lag Amazon as online holiday shopping ramps up",(Reuters)
AMZN,Nov-22-23,08:00AM,"The Best Stocks to Invest $5,000 in Right Now",(Motley Fool)
AMZN,Nov-22-23,07:00AM,Does Amazon stock have more room to run?  Smart Investing,(Quartz)
AMZN,Nov-22-23,05:35AM,"3 Stocks That Could Turn $1,000 Into $5,000 by 2030",(Motley Fool)
AMZN,Nov-22-23,05:30AM,Incognito Mode Isnt Doing What You Think Its Doing,(The Wall Street Journal)
AMZN,Nov-22-23,04:00AM,"Walmart is widening the gap with Amazon in grocery e-commerce, report finds",(Grocery Dive)
AMZN,Nov-22-23,02:06AM,OneWeb receives approval to run commercial satellite broadband services in India,(DigiTimes)
AMZN,Nov-21-23,05:01PM,"Jeff Bezos' Amazon shares, VinFast, Symbotic: Top Stocks",(Yahoo Finance Video)
AMZN,Nov-21-23,02:23PM,12 Highest Paying Programming Languages in India,(Insider Monkey)
AMZN,Nov-21-23,02:10PM,Elon Musks X sues Media Matters over research on pro-Nazi content,(Yahoo Finance)
AMZN,Nov-21-23,01:19PM,UPDATE 1-Walmart bets on parcel stations for quick deliveries to propel holiday sales,(Reuters)
AMZN,Nov-21-23,12:51PM,Amazon Stock Is Falling. This Could Be a Reason Why.,(Barrons.com)
AMZN,Nov-21-23,12:49PM,Why Amazon Stock Is Pulling Back This Morning,(Motley Fool)
AMZN,Nov-21-23,12:30PM,Jeff Bezos expected to sell more Amazon shares worth $1 billion - CNBC,(Reuters)
AMZN,Nov-21-23,11:49AM,"Jeff Bezos Emphasizes The Core Of Investment Wisdom: 'The Stock Is Not The Company, And The Company Is Not The Stock'  Insights From The Amazon Founder On Navigating Market Perceptions",(Benzinga)
AMZN,Nov-21-23,11:36AM,Why Amazon Is Launching Free AI Classes,(WSJ)
AMZN,Nov-21-23,11:17AM,Here's the dark horse tech giant that's going to come out ahead of Nvidia and Microsoft,(TheStreet.com)
AMZN,Nov-21-23,10:31AM,Here Are This Elite Funds Top 10 Stock Picks,(Insider Monkey)
AMZN,Nov-21-23,10:00AM,Amazons Black Friday Deal: Football With a Side of Online Shopping,(The Wall Street Journal)
AMZN,Nov-21-23,09:00AM,"Amazon.com, Inc. (AMZN) is Attracting Investor Attention: Here is What You Should Know",(Zacks)
AMZN,Nov-21-23,08:56AM,Brad Gerstner Stock Portfolio: 10 Top Stock Picks,(Insider Monkey)
META,Nov-26-2023,03:12PM,"Meta collected childrens data from Instagram accounts, unsealed court document alleges",(CNN Business)
META,Nov-26-2023,01:01PM,Russia puts the spokesman for Facebook owner Meta on a wanted list,(Associated Press Finance)
META,Nov-26-2023,11:00AM,1 Monster Metaverse Stock to Buy for the Long Haul,(Motley Fool)
META,Nov-26-2023,06:54AM,Is Meta Platforms Headed Back to the $1 Trillion Club?,(Motley Fool)
META,Nov-26-2023,05:43AM,Russia puts Meta's spokesperson on wanted list - TASS,(Reuters)
META,Nov-25-23,01:43PM,"Meta Designed Products to Capitalize on Teen Vulnerabilities, States Allege",(The Wall Street Journal)
META,Nov-25-23,08:08AM,2 Must-Have Tech Stocks for the Upcoming Bull Surge,(Motley Fool)
META,Nov-24-23,11:31AM,Meta Platforms (META) Up 18.4% Since Last Earnings Report: Can It Continue?,(Zacks)
META,Nov-24-23,10:34AM,Amazon to debut first-ever NFL Black Friday game  another blow to traditional TV,(Yahoo Finance)
META,Nov-24-23,09:00AM,"Meta Platforms, Inc. (META) Is a Trending Stock: Facts to Know Before Betting on It",(Zacks)
META,Nov-24-23,06:58AM,"Nvidia and Microsoft Have Invested in This AI Company That Is Beating Google, Meta Platforms, and Other Tech Giants",(Motley Fool)
META,Nov-24-23,03:04AM,Insider Sell: Meta Platforms Inc's Chief Legal Officer Jennifer Newstead Sells Company Shares,(GuruFocus.com)
META,Nov-23-23,07:00AM,200 Million Reasons I'm Paying Close Attention to Airbnb,(Motley Fool)
META,Nov-22-23,04:31PM,OpenAI Rivals Move to Exploit Leadership Turmoil,(The Wall Street Journal)
META,Nov-22-23,04:00PM,Netflix Stock Poised For 'Killer' Breakout  With Secret Weapons,(Investor's Business Daily)
META,Nov-22-23,10:32AM,Philippe Laffont Stock Portfolio: 10 Top Stock Picks,(Insider Monkey)
META,Nov-22-23,10:06AM,Billionaire Andreas Halvorsens Stock Portfolio: 10 Top Stock Picks,(Insider Monkey)
META,Nov-21-23,12:42PM,Why Qualcomm Stock Dropped This Morning,(Motley Fool)
META,Nov-21-23,11:08AM,Tencent's Business Is Thriving And It Has Taken Precautions Against The U.S. Chip Export Curbs,(Benzinga)
META,Nov-21-23,10:50AM,How the OpenAI fiasco could bolster Meta and the 'open AI' movement,(TechCrunch)
META,Nov-21-23,07:34AM,More Gains Coming! Why META Is a Must-Buy Stock in 2023 and Beyond.,(InvestorPlace)
META,Nov-20-23,09:22AM,2 'Magnificent Seven' Stocks Set to Join Apple and Microsoft in the $2 Trillion Club by 2030,(Motley Fool)
META,Nov-20-23,08:07AM,Top 20 Social Media Sites to Consider for Brand Advertising in 2023,(Insider Monkey)
META,Nov-20-23,03:53AM,"Kroger shared sensitive customer health data without permission, lawsuit claims",(Grocery Dive)
META,Nov-19-23,02:30PM,12 Big Investment Trends in 2023,(Insider Monkey)
META,Nov-19-23,10:00AM,Why META Stock's Run Can Easily Continue Into 2024,(InvestorPlace)
META,Nov-19-23,07:49AM,The Magnificent Seven Are Looking Magnificent In November,(Investor's Business Daily)
META,Nov-19-23,07:00AM,"Instagram is categorically not safe for teens, claims Meta whistleblower",(The Telegraph)
META,Nov-19-23,07:00AM,I warned Mark Zuckerberg teens werent safe on Instagram  he ignored me,(The Telegraph)
META,Nov-19-23,05:30AM,I Tried Metas Ad-Free Instagram Subscription. This Is What It Was Like.,(The Wall Street Journal)
META,Nov-19-23,05:30AM,I Paid $14 for a Month of Ad-Free InstagramWas It Worth It?,(The Wall Street Journal)
META,Nov-18-23,02:05PM,UPDATE 2-Meta moves members of its Responsible AI team to other groups,(Reuters)
META,Nov-18-23,01:46PM,Meta moves members of its Responsible AI team to other groups,(Reuters)
META,Nov-18-23,01:39PM,Meta breaks up its Responsible AI team - The Information,(Reuters)
META,Nov-18-23,07:03AM,"Insider Sell Alert: Nicholas Clegg of Meta Platforms Inc Cashes Out 9,421 Shares",(GuruFocus.com)
META,Nov-18-23,05:05AM,4 Unparalleled Growth Stocks You'll Regret Not Buying in the Wake of the Nasdaq Bear Market Dip,(Motley Fool)
META,Nov-17-23,05:30PM,"1 Big Tech Stock That Billionaire Ray Dalio's Hedge Fund Is Selling, and the Stock It's Buying Instead",(Motley Fool)
META,Nov-17-23,05:02PM,WhatsApp enters sports in deal with F1 team Mercedes. Channels feature to offer exclusive content,(Associated Press Finance)
META,Nov-17-23,04:01PM,$2 trillion added to Big Tech market cap value from rally,(Yahoo Finance Video)
META,Nov-17-23,10:52AM,Facebook and Instagram users in Europe can now opt out of ads  for a price,(CNN Business)
META,Nov-17-23,09:46AM,UPDATE 1-Apple files legal challenge to EU's Digital Markets Act,(Reuters)
META,Nov-17-23,08:00AM,The Inside Scoop On Inside Days: The Subtle Sign In Meta Stock's Decline,(Investor's Business Daily)
META,Nov-17-23,07:54AM,Homebuilder stocks could get another boost from rate hikes ending,(CNN Business)
META,Nov-17-23,07:45AM,Meta Isn't Just an Advertising Company. Here's How Artificial Intelligence (AI) is Transforming the Business,(Motley Fool)
META,Nov-17-23,06:15AM,Amazon Snaps Up a New Sales Channel; Here's What It Means for the Stock,(Motley Fool)
META,Nov-17-23,06:10AM,The Dirty Little Secret About Meta Platforms' New Subscription Offer Investors Must Know,(Motley Fool)
META,Nov-17-23,03:01AM,Meta Faces Probe by Italian Watchdog Over Instagrams Branded Content,(The Wall Street Journal)
META,Nov-16-23,08:34PM,OpenAI CEO Says Biggest AI Election Threats Are Ones Society Hasn't Seen Yet,(Bloomberg)
META,Nov-16-23,06:49PM,Meta launches AI-based video editing tools,(Reuters)
META,Nov-16-23,02:37PM,Meta brings us a step closer to AI-generated movies,(TechCrunch)
META,Nov-16-23,01:22PM,"Facebook, Instagram will allow political ads that claim the 2020 election was stolen",(CNN Business)
META,Nov-16-23,06:15AM,TikTok and Meta challenge Europe's new rules that crack down on digital giants,(Associated Press Finance)
META,Nov-16-23,06:15AM,Meta Oversight Board to review handling of video showing unveiled woman in Iran,(Reuters)
META,Nov-16-23,06:02AM,"The Trade Desk: Down 31%, Buy the Dip?",(Motley Fool)
META,Nov-16-23,05:36AM,16 Biggest Crowdfunding Scams and Failures of All Time,(Insider Monkey)
META,Nov-16-23,02:30AM,"FEATURE-Video games, AI fuel wartime disinformation",(Reuters)
META,Nov-16-23,02:00AM,PRESS DIGEST- Wall Street Journal - Nov 16,(Reuters)
META,Nov-16-23,12:07AM,TikTok and Meta challenge EUs landmark digital rules,(Financial Times)
META,Nov-16-23,12:02AM,TikTok joins Meta in appealing against EU gatekeeper status,(Reuters)
META,Nov-15-23,06:39PM,"Meta Allows Ads Claiming Rigged 2020 Election on Facebook, Instagram",(The Wall Street Journal)
META,Nov-15-23,04:59PM,US senators demand documents from Meta over its handling of teen mental health,(CNN Business)
META,Nov-15-23,04:20PM,Meta is now allowing 2020 election denialism in political ads,(CNN Business)
META,Nov-15-23,04:00PM,Forget Nvidia. Top Funds Invest 10 Times As Much In Amazon Stock.,(Investor's Business Daily)
META,Nov-15-23,03:32PM,One chart shows how the 'Magnificent 7' have dominated the stock market in 2023,(Yahoo Finance)
META,Nov-15-23,03:04PM,"Instagram adds new features, including custom AI stickers, photo filters, a clip hub and more",(TechCrunch)
META,Nov-15-23,02:02PM,"More TikTok users turning to the app for news, Pew study shows",(Reuters)
META,Nov-15-23,01:20PM,Xi Jinping faces a more skeptical US business community as he makes his case for investment,(Yahoo Finance)
META,Nov-15-23,12:45PM,Here is Why Growth Investors Should Buy Meta Platforms (META) Now,(Zacks)
META,Nov-15-23,12:30PM,Generative AI will create a 'tsunami of disinformation' during the 2024 election,(Yahoo Finance)
META,Nov-15-23,12:27PM,Senators demand documents from Meta on social media harm to children,(Reuters)
META,Nov-15-23,12:12PM,Mark Zuckerberg is trying to hand off one of Meta's most controversial problems,(TheStreet.com)
META,Nov-15-23,12:03PM,"Meta appeals against EU gatekeeper status for Messenger, Marketplace",(Reuters)
META,Nov-15-23,12:00PM,Meta challenges EUs landmark digital rules,(Financial Times)
META,Nov-15-23,10:37AM,"US senators seek Meta documents over platforms' alleged mental, physical harms",(Reuters)
META,Nov-15-23,09:30AM,Wall Street Analysts Think Meta Platforms (META) Is a Good Investment: Is It?,(Zacks)
META,Nov-15-23,07:50AM,"Got $1,000? Here Are 4 Artificial Intelligence Stocks to Buy Hand Over Fist, to Help You Retire a Millionaire.",(Motley Fool)
META,Nov-15-23,06:46AM,"Warren Buffett Wannabes, Heres What to Learn From Berkshire Hathaways Latest Stock Moves",(Barrons.com)
META,Nov-15-23,12:00AM,DeepL rides high amid AI translation boom,(Financial Times)
META,Nov-14-23,10:03PM,Steve Mandel's Lone Pine Capital Takes a Bold Stake in Meta Platforms Inc,(GuruFocus.com)
META,Nov-14-23,07:07PM,UPDATE 2-Investors expand bets on tech stocks as sector still fuels market gains -filings,(Reuters)
META,Nov-14-23,05:03PM,"David Tepper Bolsters Stake in Meta Platforms Inc, Reveals Q3 2023 Portfolio Moves",(GuruFocus.com)
META,Nov-14-23,04:46PM,Facebook's 2016 election problems will be the same in 2024  What's Next for Meta?,(Quartz)
META,Nov-14-23,04:19PM,Snap Stock Jumps On Reports Snapchat Has Amazon Deal Of Its Own,(Investor's Business Daily)
META,Nov-14-23,04:02PM,Investors expand bets on tech stocks as sector still fuels market gains -filings,(Reuters)
META,Nov-14-23,03:25PM,Meta Has More Wall Street Fans Than Ever as Rally Nears 300%,(Bloomberg)
META,Nov-14-23,02:02PM,"Why Artificial Intelligence (AI) Stocks Alphabet, Meta Platforms, Amazon, and Others Rallied Tuesday Morning",(Motley Fool)
META,Nov-14-23,10:19AM,Two Sigma Advisors Top Stock Picks and their Performance against S&P 500 ETF (SPY),(Insider Monkey)
META,Nov-14-23,09:44AM,"Amazon Partners With Snap, Meta for Shopping. The Battle with TikTok Just Ramped Up.",(Barrons.com)
META,Nov-14-23,09:15AM,"Meta Platforms, Inc. (META) Hits Fresh High: Is There Still Room to Run?",(Zacks)
META,Nov-14-23,07:30AM,Is It Now Time to Buy The Trade Desk Stock?,(Motley Fool)
META,Nov-14-23,06:44AM,"UPDATE 1-Microsoft, Google will not challenge EU gatekeeper status",(Reuters)
META,Nov-13-23,05:00PM,12 Stocks from Companies Generating High Cash Flow,(Insider Monkey)
META,Nov-13-23,04:17PM,Billionaire David Shaw's Quant Models Love These 5 Stocks,(Insider Monkey)
META,Nov-13-23,04:10PM,Meta Stock Is On A Winning Streak. Analysts Like The New Amazon Tie-Up.,(Investor's Business Daily)
META,Nov-13-23,04:07PM,AI: 2024 voters could face 'tsunami of disinformation',(Yahoo Finance Video)
META,Nov-13-23,03:40PM,How Will META Stock Stand Up Against Elon Musk's Coming All-Out Assault?,(InvestorPlace)
META,Nov-13-23,01:27PM,Why Meta-Amazon In-App Purchase Deal Is a Win for Users and Investors,(Investopedia)
META,Nov-13-23,12:09PM,Metas European privacy choice may not satisfy regulators,(Fortune)
META,Nov-13-23,11:55AM,Consumer AI Device Race Kicks Off With Humane's Ai Pin,(Investor's Business Daily)
META,Nov-13-23,10:24AM,"Meta's Q3 Earnings Were Solid, but It's Not Out of the Woods Just Yet",(Motley Fool)
NFLX,Nov-26-2023,09:05AM,You Don't Have to Pick a Winner in Streaming Services. Here's Why,(Motley Fool)
NFLX,Nov-26-2023,09:00AM,Here's How T-Mobile Customers Can Get Netflix for Free,(Motley Fool)
NFLX,Nov-26-2023,07:21AM,10 Surprising Artificial Intelligence (AI) Stocks You Should Consider,(Motley Fool)
NFLX,Nov-24-23,05:45PM,Netflix (NFLX) Surpasses Market Returns: Some Facts Worth Knowing,(Zacks)
NFLX,Nov-24-23,11:00AM,Jim Cramers Top 10 Stock Picks for 2023,(Insider Monkey)
NFLX,Nov-24-23,10:34AM,Amazon to debut first-ever NFL Black Friday game  another blow to traditional TV,(Yahoo Finance)
NFLX,Nov-24-23,07:43AM,Netflix (NFLX) Drops Trailer for Gyeongseong Creature K-Drama,(Zacks)
NFLX,Nov-24-23,12:00AM,"After years in the pits, F1 goes up a gear in the US market",(Financial Times)
NFLX,Nov-23-23,07:31AM,SoundHound AI Stock: Bull vs. Bear,(Motley Fool)
NFLX,Nov-23-23,12:41AM,"Netflix Director Used $4M of Show's Budget on Dogecoin, Netting $27M in Profits",(CoinMarketCap)
NFLX,Nov-22-23,04:00PM,Netflix Stock Poised For 'Killer' Breakout  With Secret Weapons,(Investor's Business Daily)
NFLX,Nov-22-23,02:41PM,How To Boost Your Returns Even If NFLX Stock Pauses,(Investor's Business Daily)
NFLX,Nov-22-23,02:17PM,"2 Growth Stocks Wall Street Might Be Sleeping On, but I'm Not",(Motley Fool)
NFLX,Nov-22-23,10:32AM,Philippe Laffont Stock Portfolio: 10 Top Stock Picks,(Insider Monkey)
NFLX,Nov-22-23,10:05AM,"Verizon Could Soon Unveil Its Latest Growth Catalyst, and It's a Game Changer",(Motley Fool)
NFLX,Nov-22-23,08:34AM,"Netflix (NFLX) Stock Quotes, Company News And Chart Analysis",(Investor's Business Daily)
NFLX,Nov-21-23,07:02PM,Here's What I See for the Holidays,(TheStreet.com)
NFLX,Nov-21-23,11:29AM,Squid Game: The Challenge TV review  Netflix megahit becomes an irresistible reality show,(Financial Times)
NFLX,Nov-21-23,06:02AM,Unlocking Intrinsic Value: Analysis of Netflix Inc,(GuruFocus.com)
NFLX,Nov-20-23,04:21PM,"Paramount: Stock jumps as Bellator sale, severance pacts add to 'M&A narrative'",(Yahoo Finance)
NFLX,Nov-20-23,09:00AM,"Netflix, Inc. (NFLX) is Attracting Investor Attention: Here is What You Should Know",(Zacks)
NFLX,Nov-20-23,08:49AM,"Amazon Stock (AMZN) Quotes, Company News And Chart Analysis",(Investor's Business Daily)
NFLX,Nov-19-23,11:11AM,"3 Top AI Stocks to Buy Beyond the ""Magnificent Seven""",(Motley Fool)
NFLX,Nov-19-23,08:00AM,How Wall Street forced Netflix and Disney to jack up streaming prices,(The Telegraph)
NFLX,Nov-18-23,07:10AM,3 Top Tech Stocks to Buy Right Now,(Motley Fool)
NFLX,Nov-17-23,11:30AM,Why Is Netflix (NFLX) Up 16.2% Since Last Earnings Report?,(Zacks)
NFLX,Nov-17-23,08:48AM,Netflix (NFLX) Declined in Q3 Despite Subscriber Growth,(Insider Monkey)
NFLX,Nov-17-23,08:30AM,Streaming your favorite shows got more expensive everywhere in 2023,(TheStreet.com)
NFLX,Nov-17-23,07:00AM,"Robbie Williams, David Beckham and the rise of the celebrity streaming confessional",(Financial Times)
NFLX,Nov-16-23,05:39PM,Apple TV+ hikes price once again,(CNN Business)
NFLX,Nov-16-23,05:30PM,Is streaming killing traditional TV ads?,(Yahoo Finance Video)
NFLX,Nov-16-23,12:15PM,Media giants are still getting hammered by TV ad market declines,(Yahoo Finance)
NFLX,Nov-16-23,03:01AM,The Crown series 6 review  Elizabeth Debicki is transcendent in sumptuous Netflix drama,(Financial Times)
NFLX,Nov-15-23,11:06PM,India's Reliance JioCinema signs up Pokemon in kids entertainment push-sources,(Reuters)
NFLX,Nov-15-23,03:58PM,Generative AI and Its Economic Impact: What You Need to Know,(Investopedia)
NFLX,Nov-15-23,01:26PM,Bill Simmons makes a bold claim about the future of media,(TheStreet.com)
NFLX,Nov-15-23,12:20PM,Netflix debuts first live golf tournament: the 'Netflix Cup',(Yahoo Finance Video)
NFLX,Nov-15-23,09:24AM,"Fmr. NBC Cable President Tom Rogers on Netflix Cup, streaming competition for live sports",(CNBC TV)
NFLX,Nov-15-23,07:52AM,Formula 1 Las Vegas ticket prices continue to plunge a day before the Grand Prix,(CNN Business)
NFLX,Nov-15-23,07:00AM,Edward Norton on future of streaming: Ads will 'double' Netflix's market cap,(Yahoo Finance)
NFLX,Nov-15-23,06:10AM,How Disney Cut $1 Billion of Losses From Its Streaming Business,(Motley Fool)
NFLX,Nov-15-23,06:00AM,"Hey, NFLX Investors! Don't Expect Netflix to Be a $700 Stock Again. Here's Why.",(InvestorPlace)
NFLX,Nov-14-23,05:00PM,Insider Tips: Maximizing Value in the Age of Pricey Streaming Services,(Motley Fool)
NFLX,Nov-14-23,02:16PM,Netflix takes a swing at live sport,(The Economist)
NFLX,Nov-14-23,06:45AM,Is Netflix Stock A Buy After Video Streamer's Third-Quarter Report?,(Investor's Business Daily)
NFLX,Nov-13-23,06:58PM,Edward Norton explains why he thinks traditional TV is dead,(Yahoo Finance Video)
NFLX,Nov-13-23,06:29PM,The actors union secured a $120 million in streaming bonuses for members and forced Netflix and studios to open their black box of data,(Fortune)
NFLX,Nov-13-23,02:18PM,20 Biggest Companies Laying Off in 2023,(Insider Monkey)
NFLX,Nov-12-23,05:45PM,Netflix Games will bring 'Hades' to iOS in 2024,(AppleInsider)
NFLX,Nov-10-23,07:52PM,Hollywood actors to vote on strike deal after 86% union board approval,(Yahoo Finance)
NFLX,Nov-10-23,03:08PM,JPMorgan raises Netflix price target to $510,(CNBC TV)
NFLX,Nov-10-23,01:00PM,Hollywood snaps back into action after actors reach deal to end strikes,(Financial Times)
NFLX,Nov-10-23,12:51PM,"India proposes new law with self-certification for broadcasters, streaming giants",(Reuters)
NFLX,Nov-10-23,02:21AM,"""The Crown"" finale, ""Money Heist"" prequel to help boost Netflix - JPMorgan",(Investing.com)
NFLX,Nov-09-23,07:09PM,Strikes were just one battle. Hollywood is still fighting a war for survival,(CNN Business)
NFLX,Nov-09-23,06:45PM,Disney Is Finally Getting Back To Business After Fixing Its Issues,(Benzinga)
NFLX,Nov-09-23,06:30PM,"UPDATE 1-Netflix, Warner Bros partner with Verizon to offer discounted streaming bundle - source",(Reuters)
NFLX,Nov-09-23,04:41PM,SAG-AFTRA: What are the lasting impacts of actors' strike?,(Yahoo Finance Video)
NFLX,Nov-09-23,04:00PM,"Netflix, Warner Bros partner with Verizon to offer discounted streaming bundle - source",(Reuters)
NFLX,Nov-09-23,03:52PM,"Netflix, Warner Bros partner with Verizon to offer discounted streaming bundle - WSJ",(Reuters)
NFLX,Nov-09-23,03:41PM,"Disney, Paramount Shares Rise After Studios Reach Tentative Deal With Actors",(Investopedia)
NFLX,Nov-09-23,03:02PM,"Netflix, Warners Max Team Up With Verizon to Offer Discounted Streaming Bundle",(The Wall Street Journal)
NFLX,Nov-09-23,10:18AM,Hollywood actors union reaches tentative deal to end 118-day strike,(Yahoo Finance)
NFLX,Nov-09-23,12:41AM,"Hollywood Actors Reach Agreement With Studios, Streamers to End Strike",(The Wall Street Journal)
NFLX,Nov-08-23,04:24PM,Netflix unveils $70 million restoration of historic Hollywood theater,(Reuters)
NFLX,Nov-08-23,04:11PM,Get Ready for Netflix Stock to Make Another Run at $700,(InvestorPlace)
NFLX,Nov-08-23,03:47PM,Media execs aren't writing off legacy TV just yet. Here's why.,(Yahoo Finance)
NFLX,Nov-08-23,03:33PM,"Moore Kuehn, PLLC Encourages Investors of Netflix, Inc. to Contact Law Firm",(PR Newswire)
NFLX,Nov-07-23,05:36PM,The Next Big Stream: 3 Media Stocks Ready to Challenge Netflix's Throne,(InvestorPlace)
NFLX,Nov-07-23,01:31PM,Why more media consolidation is likely: Top media exec.,(Yahoo Finance Video)
NFLX,Nov-07-23,10:40AM,Netflix is unlikely $70mn saviour of LAs venerable Egyptian Theatre,(Financial Times)
NFLX,Nov-07-23,09:00AM,"Netflix, Inc. (NFLX) Is a Trending Stock: Facts to Know Before Betting on It",(Zacks)
NFLX,Nov-07-23,08:00AM,Pandoras Box by Peter Biskind  is the golden age of TV at an end?,(Financial Times)
NFLX,Nov-07-23,08:00AM,Netflix Management Just Gave Investors the Clearest Sign Yet the Market Still Undervalues Its Stock,(Motley Fool)
NFLX,Nov-07-23,06:02AM,Netflix Inc: An Exploration into Its Intrinsic Value,(GuruFocus.com)
NFLX,Nov-06-23,08:46PM,Netflix contestant makes 6-figures with unique cakes,(CNBC TV)
NFLX,Nov-06-23,08:17PM,"UPDATE 1-Hollywood actors' union notes disagreements with studios' offer, including AI",(Reuters)
NFLX,Nov-06-23,02:53PM,Netflix Stock Today: This Bull Put Spread Could Produce A 22% Return By December,(Investor's Business Daily)
NFLX,Nov-06-23,12:40PM,'Doc' Antle of Netflix's 'Tiger King' pleads guilty to wildlife trafficking and money laundering,(Associated Press Finance)
NFLX,Nov-06-23,09:44AM,"All of the production delays is making Netflix stronger, says LightShed's Rich Greenfield",(CNBC TV)
NFLX,Nov-06-23,07:13AM,Here's Why Netflix (NFLX) Sold Off in the Quarter,(Insider Monkey)
NFLX,Nov-05-23,09:07AM,"Bishops, Knights, and Green Owls: Duolingo's Chess.com Crossover",(Motley Fool)
NFLX,Nov-05-23,07:08AM,12 Best Large Cap Stocks To Buy Now,(Insider Monkey)
NFLX,Nov-04-23,06:19PM,"Striking Hollywood actors receive 'last, best, and final offer' from studios",(Reuters)
NFLX,Nov-04-23,08:25AM,The Netflix Buy Case Just Got Even Stronger,(Motley Fool)
NFLX,Nov-04-23,05:50AM,What's the Best FAANG Stock Right Now? There's a Clear Winner Based on 1 Key Metric,(Motley Fool)
NFLX,Nov-03-23,04:08PM,Netflix considering live-streaming boxing matches: RPT,(Yahoo Finance Video)
NFLX,Nov-03-23,11:00AM,Sly review  Netflixs Sylvester Stallone documentary is punchy and unexpectedly poignant,(Financial Times)
NFLX,Nov-03-23,10:00AM,Netflix Explores Streaming Live Boxing Match,(The Wall Street Journal)
NFLX,Nov-03-23,09:28AM,"Strikes have cost the US economy more than 75,000 jobs this year",(Yahoo Finance)
NFLX,Nov-02-23,07:13PM,Disney Q4 Preview: Can Shares Turnaround?,(Zacks)
NFLX,Nov-02-23,06:38PM,How to Find the Next Stock Winners,(Zacks)
NFLX,Nov-02-23,02:18PM,Consumers are paying more than ever for streaming TV each month and analysts say theres no reason for the companies to stop raising prices,(Fortune)
NFLX,Nov-02-23,11:40AM,Netflixs ad-supported plan will soon reward you for binge-watching by showing fewer commercials,(Fortune)
NFLX,Nov-02-23,09:19AM,"Zacks Investment Ideas feature highlights: Tesla, Alphabet, Pinterest, Netflix and Meta Platforms",(Zacks)
NFLX,Nov-02-23,05:20AM,Netflix Just Issued a Warning That All Media Stock Investors Must Hear,(Motley Fool)
NFLX,Nov-01-23,05:23PM,"Disney & Hulu, Netflix ad tier, DoorDash results: Top Stories",(Yahoo Finance Video)
NFLX,Nov-01-23,11:40AM,Netflix's ad tier reaches 15 million users a year after launch,(Reuters)
NFLX,Nov-01-23,11:15AM,Netflix stock rises after ad tier reaches 15 million monthly active users,(Yahoo Finance)
NFLX,Nov-01-23,10:56AM,EPS Season: Unveiling the 3 Biggest Winners,(Zacks)
GOOG,Nov-26-2023,11:30AM,Better Tech Stock: Alphabet vs. Apple,(Motley Fool)
GOOG,Nov-26-2023,09:58AM,Goldman Sachs Top 15 Stock Picks for 2024,(Insider Monkey)
GOOG,Nov-26-2023,09:05AM,You Don't Have to Pick a Winner in Streaming Services. Here's Why,(Motley Fool)
GOOG,Nov-26-2023,04:15AM,AI Blowback Angst Grips ESG Fund Managers Who Bet Big on Tech,(Bloomberg)
GOOG,Nov-26-2023,03:16AM,5 big analyst AI moves: AI demand to keep tech rally intact; C3 upgraded,(Investing.com)
GOOG,Nov-25-23,08:33AM,Google Leads Five S&P 500 Stocks Near Buy Points,(Investor's Business Daily)
GOOG,Nov-25-23,05:57AM,2 Unstoppable Artificial Intelligence (AI) Growth Stocks Billionaires Keep Buying Hand Over Fist,(Motley Fool)
GOOG,Nov-24-23,01:18PM,"Nissan, Eli Lilly rise; Nvidia, Alphabet fall, 11/24/2023",(Associated Press)
GOOG,Nov-24-23,01:05PM,Let's Ask Bard: Is Google Stock A Buy Now?,(Investor's Business Daily)
GOOG,Nov-24-23,10:34AM,Amazon to debut first-ever NFL Black Friday game  another blow to traditional TV,(Yahoo Finance)
GOOG,Nov-24-23,09:45AM,3 Tech Stocks With More Potential Than Any Cryptocurrency,(Motley Fool)
GOOG,Nov-24-23,09:22AM,"UPDATE 1-India warns Facebook, YouTube to enforce rules to deter deepfakes - sources",(Reuters)
GOOG,Nov-24-23,06:58AM,"Nvidia and Microsoft Have Invested in This AI Company That Is Beating Google, Meta Platforms, and Other Tech Giants",(Motley Fool)
GOOG,Nov-24-23,06:00AM,"Investing in Artificial Intelligence (AI) Stocks Can Be Risky, But Here's a Spectacular Way to Do It",(Motley Fool)
GOOG,Nov-23-23,03:25PM,EU mulls wider scope for cybersecurity certification scheme - paper,(Reuters)
GOOG,Nov-23-23,01:04PM,Billionaire Leon Coopermans Long-Term Stock Picks,(Insider Monkey)
GOOG,Nov-23-23,10:51AM,YouTuber sues Google Spain for wrongful dismissal,(Reuters)
GOOG,Nov-23-23,10:48AM,UPDATE 1-YouTuber sues Google Spain for alleged wrongful dismissal,(Reuters)
GOOG,Nov-23-23,10:16AM,Russian court fines Google over 'fakes' about Ukraine war -RIA,(Reuters)
GOOG,Nov-23-23,09:00AM,2 Highly Recommended AI Growth Stocks That Wall Street's Best Hedge Fund Is Buying Hand Over Fist,(Motley Fool)
GOOG,Nov-23-23,08:20AM,2 Stocks Riding Unstoppable Trends That Could Make You Richer in 2024 and Beyond,(Motley Fool)
GOOG,Nov-23-23,07:31AM,SoundHound AI Stock: Bull vs. Bear,(Motley Fool)
GOOG,Nov-23-23,05:30AM,2 Smartest Tech Stocks to Buy in 2023 and Beyond,(Motley Fool)
GOOG,Nov-22-23,04:31PM,OpenAI Rivals Move to Exploit Leadership Turmoil,(The Wall Street Journal)
GOOG,Nov-22-23,04:00PM,Netflix Stock Poised For 'Killer' Breakout  With Secret Weapons,(Investor's Business Daily)
GOOG,Nov-22-23,02:22PM,Google's Bard AI chatbot can now answer questions about YouTube videos,(TechCrunch)
GOOG,Nov-22-23,01:33PM,"Nvidia, Tesla, Meta Reveal Rules For Santa Claus Rally And Beyond",(Investor's Business Daily)
GOOG,Nov-22-23,10:32AM,Philippe Laffont Stock Portfolio: 10 Top Stock Picks,(Insider Monkey)
GOOG,Nov-22-23,10:15AM,Forget Alibaba. Baidu Is the Best Way to Play Chinese Tech Stocks.,(Barrons.com)
GOOG,Nov-22-23,09:04AM,Zoom Video Communications Stock: Bear vs. Bull,(Motley Fool)
GOOG,Nov-22-23,07:45AM,My Top FAANG Stock to Buy for the Second Half of 2023 (and Beyond),(Motley Fool)
GOOG,Nov-22-23,06:30AM,Nvidias AI Boom Almost Blows Past Politics,(The Wall Street Journal)
GOOG,Nov-22-23,06:15AM,Alphabet's Potential: Why GOOG Stock Remains a Top Pick in the AI Era,(InvestorPlace)
GOOG,Nov-22-23,06:05AM,4 Things to Know About Alphabet Stock,(Motley Fool)
GOOG,Nov-22-23,05:00AM,2 Stocks You'll Be Grateful You Bought at These Bargain Prices,(Motley Fool)
GOOG,Nov-21-23,03:46PM,Warren Buffett Stocks: Google Among 26 Names On This Screen,(Investor's Business Daily)
GOOG,Nov-21-23,02:56PM,Microsoft Offers to Absorb Any Resigning OpenAI Workers Amid AI Talent Shortage,(Investopedia)
GOOG,Nov-21-23,02:23PM,12 Highest Paying Programming Languages in India,(Insider Monkey)
GOOG,Nov-21-23,09:45AM,Forget Nvidia: These Artificial Intelligence (AI) Stocks Are Much Better Buys,(Motley Fool)
GOOG,Nov-21-23,09:00AM,Alphabet Inc. (GOOG) Is a Trending Stock: Facts to Know Before Betting on It,(Zacks)
GOOG,Nov-21-23,08:11AM,Horos Asset Management Exited Alphabet (GOOG) Following a Strong Performance,(Insider Monkey)
GOOG,Nov-21-23,07:00AM,"Ignore Amazon, These 2 Stocks Will Be Long-Term Winners",(Motley Fool)
GOOG,Nov-21-23,06:37AM,Could IonQ Become The Next Nvidia?,(Motley Fool)
GOOG,Nov-21-23,06:30AM,"3 Growth Stocks to Buy With $1,000 Right Now",(Motley Fool)
GOOG,Nov-21-23,05:40AM,3 Artificial Intelligence (AI) Stocks With Proven Results to Buy Hand Over Fist,(Motley Fool)
GOOG,Nov-21-23,03:24AM,"Big tech suppliers need to cut emissions faster, Greenpeace says",(DigiTimes)
GOOG,Nov-20-23,08:42PM,Next in Line: 7 Undervalued Alternatives to the Magnificent 7 Stocks,(InvestorPlace)
GOOG,Nov-20-23,08:01PM,CEO of Fortnite game maker casts Google as a 'crooked' bully in testimony during Android app trial,(Associated Press Finance)
GOOG,Nov-20-23,06:34PM,Epic Games Sweeney Takes Aim at Androids Fake Open Platform,(Bloomberg)
GOOG,Nov-20-23,04:47PM,AI Mania Powered Stocks This Year. Can Nvidia Spark More Gains?,(The Wall Street Journal)
GOOG,Nov-20-23,04:03PM,"Wall Street cheers Microsoft's 'coup' hiring Altman after OpenAI ouster, stock hits all-time high",(Yahoo Finance)
GOOG,Nov-20-23,03:10PM,"Apple-Google relations were great, 2018 meeting notes reveal",(AppleInsider)
GOOG,Nov-20-23,03:00PM,The Doomed Mission Behind Sam Altmans Shock Ouster From OpenAI,(Bloomberg)
GOOG,Nov-20-23,01:55PM,"OpenAIs Future Is in Question. What It Means for Google, Amazon, and Nvidia.",(Barrons.com)
GOOG,Nov-20-23,01:26PM,10 Best Selling Smartphones in the World in 2023,(Insider Monkey)
GOOG,Nov-20-23,12:52PM,EXPLAINER-GM-owned Cruise's wrong turn could slow robotaxi push,(Reuters)
GOOG,Nov-20-23,12:47PM,Analyst Report: Alphabet Inc.,(Morningstar Research)
GOOG,Nov-20-23,12:34PM,12 Stocks Billionaire Stan Druckenmiller Just Bought and Sold,(Insider Monkey)
GOOG,Nov-20-23,12:22PM,Microsoft's 'Succession'-style move could guarantee its dominance in one critical area,(TheStreet.com)
GOOG,Nov-20-23,11:20AM,"UPDATE 1-US transport chief aims to ensure Cruise, other self-driving vehicles safe",(Reuters)
GOOG,Nov-20-23,11:20AM,Wall Street cheers Microsoft's 'coup' hiring Altman after OpenAI ouster,(Yahoo Finance)
GOOG,Nov-20-23,10:38AM,"Stocks to Watch Monday: Microsoft, Bayer, Zoom",(The Wall Street Journal)
GOOG,Nov-20-23,10:30AM,"Microsoft, Amazon, Google circle OpenAI free agent Sam Altman?",(Fox Business)
GOOG,Nov-20-23,10:20AM,The 10 Richest People in the World,(Investopedia)
GOOG,Nov-20-23,09:48AM,"What the OpenAI Blowup Means for Google, Amazon and Nvidia",(Barrons.com)
GOOG,Nov-20-23,09:22AM,2 'Magnificent Seven' Stocks Set to Join Apple and Microsoft in the $2 Trillion Club by 2030,(Motley Fool)
GOOG,Nov-20-23,08:43AM,"Google's Bard AI Says These 3 Stocks Will Rise 1,000%",(InvestorPlace)
GOOG,Nov-20-23,08:37AM,5 Stocks Billionaire David Tepper Just Bought and Sold,(Insider Monkey)
GOOG,Nov-20-23,08:07AM,Top 20 Social Media Sites to Consider for Brand Advertising in 2023,(Insider Monkey)
GOOG,Nov-20-23,05:52AM,25 Countries with the Best Maternity and Paternity Leave,(Insider Monkey)
GOOG,Nov-20-23,05:21AM,3 Stock-Split Stocks Billionaires Are Buying Hand Over Fist,(Motley Fool)
GOOG,Nov-20-23,05:00AM,What Elon Musk is really building inside his ChatGPT competitor xAI,(Fortune)
GOOG,Nov-19-23,09:06PM,These Are The Best Robinhood Stocks To Buy Or Watch Now,(Investor's Business Daily)
GOOG,Nov-19-23,02:30PM,12 Big Investment Trends in 2023,(Insider Monkey)
GOOG,Nov-19-23,01:39PM,How a dramatic coup against the Steve Jobs of AI unravelled in just 36 hours,(The Telegraph)
GOOG,Nov-19-23,01:23PM,The Sam Altman drama points to a deeper split in the tech world,(The Economist)
GOOG,Nov-19-23,10:30AM,A secret about the riches Apple extracts from Google spills into the open,(Yahoo Finance)
GOOG,Nov-19-23,10:30AM,"Is Google Stock A Buy Amid DoJ Antitrust Case, AI Battle?",(Investor's Business Daily)
GOOG,Nov-19-23,09:33AM,Abrams Capital 13F: 10 Best Stocks To Buy Picked By Billionaire David Abrams,(Insider Monkey)
GOOG,Nov-19-23,09:00AM,Amazon vs. Alphabet: Which Tech Stock Is a Better Buy?,(Motley Fool)
GOOG,Nov-19-23,07:49AM,The Magnificent Seven Are Looking Magnificent In November,(Investor's Business Daily)
GOOG,Nov-19-23,07:22AM,China's neighbors are wooing American CEOs. The CEOs are listening.,(Yahoo Finance)
GOOG,Nov-19-23,06:55AM,Apple's Secretly a Digital Advertising Giant Bringing in Tens of Billions in Revenue,(Motley Fool)
GOOG,Nov-18-23,08:27PM,Sam Altmans Ousting and Possible Return to OpenAI: What We Know,(Bloomberg)
GOOG,Nov-18-23,05:00PM,ExxonMobil vs. Google: Profits and Perceptions Explained,(Oilprice.com)
GOOG,Nov-18-23,04:13PM,"Who is Ilya Sutskever, the man at the center of OpenAIs leadership shakeupand why is he so worried about AI superintelligence going rogue?",(Fortune)
GOOG,Nov-18-23,04:07PM,Bill Gates Portfolio: November 2023 Update,(Insider Monkey)
GOOG,Nov-18-23,01:04PM,15 Most Technologically Advanced Countries in Africa,(Insider Monkey)
GOOG,Nov-18-23,12:43PM,Mario Gabelli Stock Portfolio: 10 Top Stock Picks,(Insider Monkey)
GOOG,Nov-18-23,12:17PM,"What Elon Musk has said about Ilya Sutskever, the chief scientist at the center of OpenAIs leadership upheaval",(Fortune)
GOOG,Nov-18-23,06:45AM,Beat the Nasdaq? This Dividend Stock Has Actually Done It,(Motley Fool)
GOOG,Nov-18-23,12:00AM,The weather forecast may show AI storms ahead,(Financial Times)
GOOG,Nov-17-23,08:08PM,"UPDATE 1-Cruise testing continues in Japan, Dubai, even as vehicles parked in US",(Reuters)
GOOG,Nov-17-23,06:49PM,Weekly Roundup,(TheStreet.com)
GOOG,Nov-17-23,05:54PM,Apple rolls out texting updates for messaging Android phones,(Yahoo Finance Video)
GOOG,Nov-17-23,05:30PM,"Healthcare highlights: Amazon, YouTube, AI, weight loss drugs",(Yahoo Finance Video)
GOOG,Nov-17-23,05:30PM,"1 Big Tech Stock That Billionaire Ray Dalio's Hedge Fund Is Selling, and the Stock It's Buying Instead",(Motley Fool)
GOOG,Nov-17-23,05:20PM,Google antitrust: The risk a ruling could pose for Apple,(Yahoo Finance Video)
GOOG,Nov-17-23,04:47PM,S&P 500 Gains and Losses Today: Ross Stores' Low Prices Brought in More Shoppers,(Investopedia)
GOOG,Nov-17-23,04:18PM,Why GOOG Stock Is a Magnificent Must-Have for Any Portfolio,(InvestorPlace)
